Plate,Well,Sample_ID,Sample_Class,Variant_Description,Replicate,OD600_Harvest,Raw_Fluorescence_RFU
Plate_1,A1,HSFAST_ONLY,Control,"hsFAST tag only, no enzyme",1,1.026,19854
Plate_1,A2,HSFAST_ONLY,Control,"hsFAST tag only, no enzyme",2,1.134,21787
Plate_1,A3,HSFAST_ONLY,Control,"hsFAST tag only, no enzyme",3,0.957,17517
Plate_1,A4,WT_ENZYME_ONLY,Control,"WT host enzyme only, no tag",1,0.903,682
Plate_1,A5,WT_ENZYME_ONLY,Control,"WT host enzyme only, no tag",2,1.341,446
Plate_1,A6,WT_ENZYME_ONLY,Control,"WT host enzyme only, no tag",3,0.969,559
Plate_1,A7,WT_HSFAST_FUSION,Control,WT enzyme + hsFAST (reference),1,1.066,9461
Plate_1,A8,WT_HSFAST_FUSION,Control,WT enzyme + hsFAST (reference),2,1.045,9971
Plate_1,A9,WT_HSFAST_FUSION,Control,WT enzyme + hsFAST (reference),3,0.932,8105
Plate_1,A10,FLUOROGEN_ONLY,Control,no protein (buffer/cells + fluorogen),1,,587
Plate_1,A11,FLUOROGEN_ONLY,Control,no protein (buffer/cells + fluorogen),2,,654
Plate_1,A12,FLUOROGEN_ONLY,Control,no protein (buffer/cells + fluorogen),3,,584
Plate_1,B1,V001,Library_Variant,K249T,1,1.088,7497
Plate_1,B2,V001,Library_Variant,K249T,2,1.005,6623
Plate_1,B3,V001,Library_Variant,K249T,3,1.066,7960
Plate_1,B4,V002,Library_Variant,I90W,1,1.009,5696
Plate_1,B5,V002,Library_Variant,I90W,2,0.928,4908
Plate_1,B6,V002,Library_Variant,I90W,3,1.012,5443
Plate_1,B7,V003,Library_Variant,F190Q,1,1.011,922
Plate_1,B8,V003,Library_Variant,F190Q,2,1.059,771
Plate_1,B9,V003,Library_Variant,F190Q,3,0.928,877
Plate_1,B10,V004,Library_Variant,D65T,1,1.053,7054
Plate_1,B11,V004,Library_Variant,D65T,2,1.184,8244
Plate_1,B12,V004,Library_Variant,D65T,3,1.068,7620
Plate_1,C1,V005,Library_Variant,T236A,1,1.238,4012
Plate_1,C2,V005,Library_Variant,T236A,2,1.082,3779
Plate_1,C3,V005,Library_Variant,T236A,3,1.034,2894
Plate_1,C4,V006,Library_Variant,S198R,1,0.874,4360
Plate_1,C5,V006,Library_Variant,S198R,2,1.234,5195
Plate_1,C6,V006,Library_Variant,S198R,3,1.223,4501
Plate_1,C7,V007,Library_Variant,L87R,1,1.012,17686
Plate_1,C8,V007,Library_Variant,L87R,2,1.073,16430
Plate_1,C9,V007,Library_Variant,L87R,3,1.085,17673
Plate_1,C10,V008,Library_Variant,S139M,1,1.04,8343
Plate_1,C11,V008,Library_Variant,S139M,2,0.939,7109
Plate_1,C12,V008,Library_Variant,S139M,3,1.143,6070
Plate_1,D1,V009,Library_Variant,M18N,1,1.055,6157
Plate_1,D2,V009,Library_Variant,M18N,2,1.197,5197
Plate_1,D3,V009,Library_Variant,M18N,3,1.013,5673
Plate_1,D4,V010,Library_Variant,D40G,1,1.136,5719
Plate_1,D5,V010,Library_Variant,D40G,2,1.18,6964
Plate_1,D6,V010,Library_Variant,D40G,3,1.224,7140
Plate_1,D7,V011,Library_Variant,K195Q,1,0.98,710
Plate_1,D8,V011,Library_Variant,K195Q,2,1.167,971
Plate_1,D9,V011,Library_Variant,K195Q,3,1.043,754
Plate_1,D10,V012,Library_Variant,L170V,1,0.98,7724
Plate_1,D11,V012,Library_Variant,L170V,2,1.081,8241
Plate_1,D12,V012,Library_Variant,L170V,3,1.057,8495
Plate_1,E1,V013,Library_Variant,C172S,1,1.109,6832
Plate_1,E2,V013,Library_Variant,C172S,2,0.993,8958
Plate_1,E3,V013,Library_Variant,C172S,3,1.077,7469
Plate_1,E4,V014,Library_Variant,P166M,1,1.15,6490
Plate_1,E5,V014,Library_Variant,P166M,2,0.968,6573
Plate_1,E6,V014,Library_Variant,P166M,3,1.136,8038
Plate_1,E7,V015,Library_Variant,C236N,1,0.85,9252
Plate_1,E8,V015,Library_Variant,C236N,2,0.89,8193
Plate_1,E9,V015,Library_Variant,C236N,3,1.102,8605
Plate_1,E10,V016,Library_Variant,H16P,1,1.003,844
Plate_1,E11,V016,Library_Variant,H16P,2,1.073,714
Plate_1,E12,V016,Library_Variant,H16P,3,1.132,803
Plate_1,F1,V017,Library_Variant,H290L,1,1.133,4455
Plate_1,F2,V017,Library_Variant,H290L,2,0.982,4703
Plate_1,F3,V017,Library_Variant,H290L,3,1.183,5880
Plate_1,F4,V018,Library_Variant,F125H,1,0.991,6000
Plate_1,F5,V018,Library_Variant,F125H,2,1.222,6908
Plate_1,F6,V018,Library_Variant,F125H,3,1.037,6602
Plate_1,F7,V019,Library_Variant,Y17T,1,0.943,13624
Plate_1,F8,V019,Library_Variant,Y17T,2,1.086,16819
Plate_1,F9,V019,Library_Variant,Y17T,3,1.017,17594
Plate_1,F10,V020,Library_Variant,F24T,1,1.245,6213
Plate_1,F11,V020,Library_Variant,F24T,2,0.965,5759
Plate_1,F12,V020,Library_Variant,F24T,3,0.891,4137
Plate_1,G1,V021,Library_Variant,V271G,1,1.244,8417
Plate_1,G2,V021,Library_Variant,V271G,2,1.022,7905
Plate_1,G3,V021,Library_Variant,V271G,3,0.936,8871
Plate_1,G4,V022,Library_Variant,G197L,1,1.059,856
Plate_1,G5,V022,Library_Variant,G197L,2,1.093,909
Plate_1,G6,V022,Library_Variant,G197L,3,1.021,856
Plate_1,G7,V023,Library_Variant,D152N,1,1.016,4738
Plate_1,G8,V023,Library_Variant,D152N,2,0.978,5813
Plate_1,G9,V023,Library_Variant,D152N,3,1.093,7183
Plate_1,G10,V024,Library_Variant,S198Y,1,1.06,12921
Plate_1,G11,V024,Library_Variant,S198Y,2,0.981,14990
Plate_1,G12,V024,Library_Variant,S198Y,3,1.184,12256
Plate_1,H1,V025,Library_Variant,K127I,1,1.063,6466
Plate_1,H2,V025,Library_Variant,K127I,2,1.005,5316
Plate_1,H3,V025,Library_Variant,K127I,3,1.165,4447
Plate_1,H4,V026,Library_Variant,T55H,1,1.075,7860
Plate_1,H5,V026,Library_Variant,T55H,2,0.949,9187
Plate_1,H6,V026,Library_Variant,T55H,3,1.08,10306
Plate_1,H7,V027,Library_Variant,H38A,1,0.947,5483
Plate_1,H8,V027,Library_Variant,H38A,2,1.055,6346
Plate_1,H9,V027,Library_Variant,H38A,3,0.985,6577
Plate_1,H10,V028,Library_Variant,C215S,1,1.076,5577
Plate_1,H11,V028,Library_Variant,C215S,2,1.175,6414
Plate_1,H12,V028,Library_Variant,C215S,3,1.021,5262
Plate_2,A1,V029,Library_Variant,Q213K,1,0.966,776
Plate_2,A2,V029,Library_Variant,Q213K,2,1.232,546
Plate_2,A3,V029,Library_Variant,Q213K,3,1.131,545
Plate_2,A4,V030,Library_Variant,E151W,1,1.177,6801
Plate_2,A5,V030,Library_Variant,E151W,2,1.095,6981
Plate_2,A6,V030,Library_Variant,E151W,3,0.908,7732
Plate_2,A7,V031,Library_Variant,W150D,1,1.074,7376
Plate_2,A8,V031,Library_Variant,W150D,2,1.077,6939
Plate_2,A9,V031,Library_Variant,W150D,3,1.186,6341
Plate_2,A10,V032,Library_Variant,Q136L,1,1.009,7460
Plate_2,A11,V032,Library_Variant,Q136L,2,0.939,7490
Plate_2,A12,V032,Library_Variant,Q136L,3,1.255,7727
Plate_2,B1,V033,Library_Variant,E76K,1,0.877,903
Plate_2,B2,V033,Library_Variant,E76K,2,1.217,893
Plate_2,B3,V033,Library_Variant,E76K,3,1.068,758
Plate_2,B4,V034,Library_Variant,H188Q,1,0.96,9522
Plate_2,B5,V034,Library_Variant,H188Q,2,1.098,8137
Plate_2,B6,V034,Library_Variant,H188Q,3,0.979,9207
Plate_2,B7,V035,Library_Variant,P283H,1,1.092,7311
Plate_2,B8,V035,Library_Variant,P283H,2,1.175,6034
Plate_2,B9,V035,Library_Variant,P283H,3,1.2,6163
Plate_2,B10,V036,Library_Variant,C41I,1,1.145,4832
Plate_2,B11,V036,Library_Variant,C41I,2,0.954,4638
Plate_2,B12,V036,Library_Variant,C41I,3,0.947,5822
Plate_2,C1,V037,Library_Variant,H113Y,1,1.106,5066
Plate_2,C2,V037,Library_Variant,H113Y,2,0.946,5635
Plate_2,C3,V037,Library_Variant,H113Y,3,1.119,4622
Plate_2,C4,V038,Library_Variant,W208L,1,0.822,11564
Plate_2,C5,V038,Library_Variant,W208L,2,1.127,11123
Plate_2,C6,V038,Library_Variant,W208L,3,1.105,11874
Plate_2,C7,V039,Library_Variant,L227G,1,1.131,6970
Plate_2,C8,V039,Library_Variant,L227G,2,0.948,7252
Plate_2,C9,V039,Library_Variant,L227G,3,1.102,8289
Plate_2,C10,V040,Library_Variant,Y231G,1,0.948,9744
Plate_2,C11,V040,Library_Variant,Y231G,2,1.136,8271
Plate_2,C12,V040,Library_Variant,Y231G,3,1.124,9154
Plate_2,D1,V041,Library_Variant,G234R,1,0.994,880
Plate_2,D2,V041,Library_Variant,G234R,2,1.076,683
Plate_2,D3,V041,Library_Variant,G234R,3,1.09,541
Plate_2,D4,V042,Library_Variant,K86S,1,1.23,5730
Plate_2,D5,V042,Library_Variant,K86S,2,1.03,4973
Plate_2,D6,V042,Library_Variant,K86S,3,1.101,4891
Plate_2,D7,V043,Library_Variant,C136D,1,1.156,6217
Plate_2,D8,V043,Library_Variant,C136D,2,1.084,5300
Plate_2,D9,V043,Library_Variant,C136D,3,0.926,5262
Plate_2,D10,V044,Library_Variant,W138D,1,1.075,7018
Plate_2,D11,V044,Library_Variant,W138D,2,1.074,7454
Plate_2,D12,V044,Library_Variant,W138D,3,0.934,7073
Plate_2,E1,V045,Library_Variant,R215E,1,1.038,11995
Plate_2,E2,V045,Library_Variant,R215E,2,0.937,11975
Plate_2,E3,V045,Library_Variant,R215E,3,1.193,12511
Plate_2,E4,V046,Library_Variant,H174T,1,1.225,7785
Plate_2,E5,V046,Library_Variant,H174T,2,1.135,9194
Plate_2,E6,V046,Library_Variant,H174T,3,1.141,7554
Plate_2,E7,V047,Library_Variant,M140E,1,1.092,887
Plate_2,E8,V047,Library_Variant,M140E,2,1.044,840
Plate_2,E9,V047,Library_Variant,M140E,3,1.009,865
Plate_2,E10,V048,Library_Variant,V225A,1,1.122,4324
Plate_2,E11,V048,Library_Variant,V225A,2,1.028,4864
Plate_2,E12,V048,Library_Variant,V225A,3,0.939,4723
Plate_2,F1,V049,Library_Variant,L198R,1,1.007,6617
Plate_2,F2,V049,Library_Variant,L198R,2,1.009,7217
Plate_2,F3,V049,Library_Variant,L198R,3,0.964,7249
Plate_2,F4,V050,Library_Variant,K188G,1,1.035,967
Plate_2,F5,V050,Library_Variant,K188G,2,0.922,769
Plate_2,F6,V050,Library_Variant,K188G,3,1.106,1030